iter	MultiClass
0	0.686055342
1	0.6790633472
2	0.6722692496
3	0.6665081224
4	0.6596102288
5	0.6529073413
6	0.6463641881
7	0.6400051916
8	0.6344270161
9	0.6292403908
