iter	MultiClass
0	1.060208993
1	1.023468459
2	0.9847173386
3	0.9413512555
4	0.9080625111
5	0.8843025598
6	0.8563923701
7	0.8192327664
8	0.7853908244
9	0.7569972888
